observation_id,source_id,dataset_version,source_table,experiment,strain_or_population,replicate,generation,environment,measurement_kind,measurement_value,measurement_lower,measurement_upper,uncertainty_type,uncertainty_level,measurement_units,mutation_rate_multiplier,mutation_rate_multiplier_lower,mutation_rate_multiplier_upper,mutation_rate_multiplier_uncertainty_type,fitness_control,fitness_control_description,raw_source_file,method_notes,curation_notes,calibration_role
sprouffske_2018_s3_mrs_ancestor_U,sprouffske_2018,calibration_dataset_v0,S3 Table. Genomic mutation rates.,Engineered mutation-rate evolution experiment,MRS,Ancestor,0,DM1000 original selected environment,genomic_mutation_rate_U,0.00034,0.00025,0.00045,interval,95% confidence interval,mutations per genome per cell generation,1,1,1,control_definition,,,data/raw/sprouffske_2018/s3_genomic_mutation_rates.xlsx,Values transcribed from PLOS Genetics supplementary S3 Table; U confidence interval columns preserved.,Mutation-rate multiplier is derived relative to the MRS ancestor U row; no fitness value is encoded in this row.,raw_observation_not_fit
sprouffske_2018_s3_mrs_rep1_U,sprouffske_2018,calibration_dataset_v0,S3 Table. Genomic mutation rates.,Engineered mutation-rate evolution experiment,MRS,1,3000,DM1000 original selected environment,genomic_mutation_rate_U,0.00025,0.00017,0.00037,interval,95% confidence interval,mutations per genome per cell generation,0.735294117647,0.377777777778,1.48,derived_interval_from_95ci,,,data/raw/sprouffske_2018/s3_genomic_mutation_rates.xlsx,Values transcribed from PLOS Genetics supplementary S3 Table; U confidence interval columns preserved.,Mutation-rate multiplier is derived relative to the MRS ancestor U row; no fitness value is encoded in this row.,raw_observation_not_fit
sprouffske_2018_s3_mrs_rep2_U,sprouffske_2018,calibration_dataset_v0,S3 Table. Genomic mutation rates.,Engineered mutation-rate evolution experiment,MRS,2,3000,DM1000 original selected environment,genomic_mutation_rate_U,5e-05,2e-05,0.00014,interval,95% confidence interval,mutations per genome per cell generation,0.147058823529,0.0444444444444,0.56,derived_interval_from_95ci,,,data/raw/sprouffske_2018/s3_genomic_mutation_rates.xlsx,Values transcribed from PLOS Genetics supplementary S3 Table; U confidence interval columns preserved.,Mutation-rate multiplier is derived relative to the MRS ancestor U row; no fitness value is encoded in this row.,raw_observation_not_fit
sprouffske_2018_s3_mrs_rep4_U,sprouffske_2018,calibration_dataset_v0,S3 Table. Genomic mutation rates.,Engineered mutation-rate evolution experiment,MRS,4,3000,DM1000 original selected environment,genomic_mutation_rate_U,7e-05,3e-05,0.00017,interval,95% confidence interval,mutations per genome per cell generation,0.205882352941,0.0666666666667,0.68,derived_interval_from_95ci,,,data/raw/sprouffske_2018/s3_genomic_mutation_rates.xlsx,Values transcribed from PLOS Genetics supplementary S3 Table; U confidence interval columns preserved.,Mutation-rate multiplier is derived relative to the MRS ancestor U row; no fitness value is encoded in this row.,raw_observation_not_fit
sprouffske_2018_s3_mrs_rep5_U,sprouffske_2018,calibration_dataset_v0,S3 Table. Genomic mutation rates.,Engineered mutation-rate evolution experiment,MRS,5,3000,DM1000 original selected environment,genomic_mutation_rate_U,0.00031,0.00021,0.00048,interval,95% confidence interval,mutations per genome per cell generation,0.911764705882,0.466666666667,1.92,derived_interval_from_95ci,,,data/raw/sprouffske_2018/s3_genomic_mutation_rates.xlsx,Values transcribed from PLOS Genetics supplementary S3 Table; U confidence interval columns preserved.,Mutation-rate multiplier is derived relative to the MRS ancestor U row; no fitness value is encoded in this row.,raw_observation_not_fit
sprouffske_2018_s3_mrs_rep6_U,sprouffske_2018,calibration_dataset_v0,S3 Table. Genomic mutation rates.,Engineered mutation-rate evolution experiment,MRS,6,3000,DM1000 original selected environment,genomic_mutation_rate_U,0.00336,0.00267,0.00423,interval,95% confidence interval,mutations per genome per cell generation,9.88235294118,5.93333333333,16.92,derived_interval_from_95ci,,,data/raw/sprouffske_2018/s3_genomic_mutation_rates.xlsx,Values transcribed from PLOS Genetics supplementary S3 Table; U confidence interval columns preserved.,Mutation-rate multiplier is derived relative to the MRS ancestor U row; no fitness value is encoded in this row.,raw_observation_not_fit
sprouffske_2018_s3_mrs_rep8_U,sprouffske_2018,calibration_dataset_v0,S3 Table. Genomic mutation rates.,Engineered mutation-rate evolution experiment,MRS,8,3000,DM1000 original selected environment,genomic_mutation_rate_U,0.00011,7e-05,0.00017,interval,95% confidence interval,mutations per genome per cell generation,0.323529411765,0.155555555556,0.68,derived_interval_from_95ci,,,data/raw/sprouffske_2018/s3_genomic_mutation_rates.xlsx,Values transcribed from PLOS Genetics supplementary S3 Table; U confidence interval columns preserved.,Mutation-rate multiplier is derived relative to the MRS ancestor U row; no fitness value is encoded in this row.,raw_observation_not_fit
sprouffske_2018_s3_mrm_ancestor_U,sprouffske_2018,calibration_dataset_v0,S3 Table. Genomic mutation rates.,Engineered mutation-rate evolution experiment,MRM,Ancestor,0,DM1000 original selected environment,genomic_mutation_rate_U,0.00235,0.00165,0.00332,interval,95% confidence interval,mutations per genome per cell generation,6.91176470588,3.66666666667,13.28,derived_interval_from_95ci,,,data/raw/sprouffske_2018/s3_genomic_mutation_rates.xlsx,Values transcribed from PLOS Genetics supplementary S3 Table; U confidence interval columns preserved.,Mutation-rate multiplier is derived relative to the MRS ancestor U row; no fitness value is encoded in this row.,raw_observation_not_fit
sprouffske_2018_s3_mrm_rep1_U,sprouffske_2018,calibration_dataset_v0,S3 Table. Genomic mutation rates.,Engineered mutation-rate evolution experiment,MRM,1,3000,DM1000 original selected environment,genomic_mutation_rate_U,0.00138,0.00109,0.00175,interval,95% confidence interval,mutations per genome per cell generation,4.05882352941,2.42222222222,7,derived_interval_from_95ci,,,data/raw/sprouffske_2018/s3_genomic_mutation_rates.xlsx,Values transcribed from PLOS Genetics supplementary S3 Table; U confidence interval columns preserved.,Mutation-rate multiplier is derived relative to the MRS ancestor U row; no fitness value is encoded in this row.,raw_observation_not_fit
sprouffske_2018_s3_mrm_rep2_U,sprouffske_2018,calibration_dataset_v0,S3 Table. Genomic mutation rates.,Engineered mutation-rate evolution experiment,MRM,2,3000,DM1000 original selected environment,genomic_mutation_rate_U,0.00082,0.00047,0.00143,interval,95% confidence interval,mutations per genome per cell generation,2.41176470588,1.04444444444,5.72,derived_interval_from_95ci,,,data/raw/sprouffske_2018/s3_genomic_mutation_rates.xlsx,Values transcribed from PLOS Genetics supplementary S3 Table; U confidence interval columns preserved.,Mutation-rate multiplier is derived relative to the MRS ancestor U row; no fitness value is encoded in this row.,raw_observation_not_fit
sprouffske_2018_s3_mrm_rep3_U,sprouffske_2018,calibration_dataset_v0,S3 Table. Genomic mutation rates.,Engineered mutation-rate evolution experiment,MRM,3,3000,DM1000 original selected environment,genomic_mutation_rate_U,0.00137,0.00104,0.00179,interval,95% confidence interval,mutations per genome per cell generation,4.02941176471,2.31111111111,7.16,derived_interval_from_95ci,,,data/raw/sprouffske_2018/s3_genomic_mutation_rates.xlsx,Values transcribed from PLOS Genetics supplementary S3 Table; U confidence interval columns preserved.,Mutation-rate multiplier is derived relative to the MRS ancestor U row; no fitness value is encoded in this row.,raw_observation_not_fit
sprouffske_2018_s3_mrm_rep4_U,sprouffske_2018,calibration_dataset_v0,S3 Table. Genomic mutation rates.,Engineered mutation-rate evolution experiment,MRM,4,3000,DM1000 original selected environment,genomic_mutation_rate_U,0.0006,0.00045,0.00081,interval,95% confidence interval,mutations per genome per cell generation,1.76470588235,1,3.24,derived_interval_from_95ci,,,data/raw/sprouffske_2018/s3_genomic_mutation_rates.xlsx,Values transcribed from PLOS Genetics supplementary S3 Table; U confidence interval columns preserved.,Mutation-rate multiplier is derived relative to the MRS ancestor U row; no fitness value is encoded in this row.,raw_observation_not_fit
sprouffske_2018_s3_mrm_rep5_U,sprouffske_2018,calibration_dataset_v0,S3 Table. Genomic mutation rates.,Engineered mutation-rate evolution experiment,MRM,5,3000,DM1000 original selected environment,genomic_mutation_rate_U,0.00025,0.00013,0.00048,interval,95% confidence interval,mutations per genome per cell generation,0.735294117647,0.288888888889,1.92,derived_interval_from_95ci,,,data/raw/sprouffske_2018/s3_genomic_mutation_rates.xlsx,Values transcribed from PLOS Genetics supplementary S3 Table; U confidence interval columns preserved.,Mutation-rate multiplier is derived relative to the MRS ancestor U row; no fitness value is encoded in this row.,raw_observation_not_fit
sprouffske_2018_s3_mrm_rep6_U,sprouffske_2018,calibration_dataset_v0,S3 Table. Genomic mutation rates.,Engineered mutation-rate evolution experiment,MRM,6,3000,DM1000 original selected environment,genomic_mutation_rate_U,0.00212,0.00169,0.00266,interval,95% confidence interval,mutations per genome per cell generation,6.23529411765,3.75555555556,10.64,derived_interval_from_95ci,,,data/raw/sprouffske_2018/s3_genomic_mutation_rates.xlsx,Values transcribed from PLOS Genetics supplementary S3 Table; U confidence interval columns preserved.,Mutation-rate multiplier is derived relative to the MRS ancestor U row; no fitness value is encoded in this row.,raw_observation_not_fit
sprouffske_2018_s3_mrm_rep7_U,sprouffske_2018,calibration_dataset_v0,S3 Table. Genomic mutation rates.,Engineered mutation-rate evolution experiment,MRM,7,3000,DM1000 original selected environment,genomic_mutation_rate_U,0.00149,0.00116,0.00193,interval,95% confidence interval,mutations per genome per cell generation,4.38235294118,2.57777777778,7.72,derived_interval_from_95ci,,,data/raw/sprouffske_2018/s3_genomic_mutation_rates.xlsx,Values transcribed from PLOS Genetics supplementary S3 Table; U confidence interval columns preserved.,Mutation-rate multiplier is derived relative to the MRS ancestor U row; no fitness value is encoded in this row.,raw_observation_not_fit
sprouffske_2018_s3_mrm_rep8_U,sprouffske_2018,calibration_dataset_v0,S3 Table. Genomic mutation rates.,Engineered mutation-rate evolution experiment,MRM,8,3000,DM1000 original selected environment,genomic_mutation_rate_U,0.00124,0.00084,0.00184,interval,95% confidence interval,mutations per genome per cell generation,3.64705882353,1.86666666667,7.36,derived_interval_from_95ci,,,data/raw/sprouffske_2018/s3_genomic_mutation_rates.xlsx,Values transcribed from PLOS Genetics supplementary S3 Table; U confidence interval columns preserved.,Mutation-rate multiplier is derived relative to the MRS ancestor U row; no fitness value is encoded in this row.,raw_observation_not_fit
sprouffske_2018_s3_mrl_ancestor_U,sprouffske_2018,calibration_dataset_v0,S3 Table. Genomic mutation rates.,Engineered mutation-rate evolution experiment,MRL,Ancestor,0,DM1000 original selected environment,genomic_mutation_rate_U,0.00414,0.00296,0.00579,interval,95% confidence interval,mutations per genome per cell generation,12.1764705882,6.57777777778,23.16,derived_interval_from_95ci,,,data/raw/sprouffske_2018/s3_genomic_mutation_rates.xlsx,Values transcribed from PLOS Genetics supplementary S3 Table; U confidence interval columns preserved.,Mutation-rate multiplier is derived relative to the MRS ancestor U row; no fitness value is encoded in this row.,raw_observation_not_fit
sprouffske_2018_s3_mrl_rep1_U,sprouffske_2018,calibration_dataset_v0,S3 Table. Genomic mutation rates.,Engineered mutation-rate evolution experiment,MRL,1,3000,DM1000 original selected environment,genomic_mutation_rate_U,0.00181,0.00133,0.00246,interval,95% confidence interval,mutations per genome per cell generation,5.32352941176,2.95555555556,9.84,derived_interval_from_95ci,,,data/raw/sprouffske_2018/s3_genomic_mutation_rates.xlsx,Values transcribed from PLOS Genetics supplementary S3 Table; U confidence interval columns preserved.,Mutation-rate multiplier is derived relative to the MRS ancestor U row; no fitness value is encoded in this row.,raw_observation_not_fit
sprouffske_2018_s3_mrl_rep2_U,sprouffske_2018,calibration_dataset_v0,S3 Table. Genomic mutation rates.,Engineered mutation-rate evolution experiment,MRL,2,3000,DM1000 original selected environment,genomic_mutation_rate_U,0.00254,0.00178,0.00362,interval,95% confidence interval,mutations per genome per cell generation,7.47058823529,3.95555555556,14.48,derived_interval_from_95ci,,,data/raw/sprouffske_2018/s3_genomic_mutation_rates.xlsx,Values transcribed from PLOS Genetics supplementary S3 Table; U confidence interval columns preserved.,Mutation-rate multiplier is derived relative to the MRS ancestor U row; no fitness value is encoded in this row.,raw_observation_not_fit
sprouffske_2018_s3_mrl_rep3_U,sprouffske_2018,calibration_dataset_v0,S3 Table. Genomic mutation rates.,Engineered mutation-rate evolution experiment,MRL,3,3000,DM1000 original selected environment,genomic_mutation_rate_U,0.00148,0.00075,0.00292,interval,95% confidence interval,mutations per genome per cell generation,4.35294117647,1.66666666667,11.68,derived_interval_from_95ci,,,data/raw/sprouffske_2018/s3_genomic_mutation_rates.xlsx,Values transcribed from PLOS Genetics supplementary S3 Table; U confidence interval columns preserved.,Mutation-rate multiplier is derived relative to the MRS ancestor U row; no fitness value is encoded in this row.,raw_observation_not_fit
sprouffske_2018_s3_mrl_rep4_U,sprouffske_2018,calibration_dataset_v0,S3 Table. Genomic mutation rates.,Engineered mutation-rate evolution experiment,MRL,4,3000,DM1000 original selected environment,genomic_mutation_rate_U,0.00134,0.00098,0.00184,interval,95% confidence interval,mutations per genome per cell generation,3.94117647059,2.17777777778,7.36,derived_interval_from_95ci,,,data/raw/sprouffske_2018/s3_genomic_mutation_rates.xlsx,Values transcribed from PLOS Genetics supplementary S3 Table; U confidence interval columns preserved.,Mutation-rate multiplier is derived relative to the MRS ancestor U row; no fitness value is encoded in this row.,raw_observation_not_fit
sprouffske_2018_s3_mrl_rep5_U,sprouffske_2018,calibration_dataset_v0,S3 Table. Genomic mutation rates.,Engineered mutation-rate evolution experiment,MRL,5,3000,DM1000 original selected environment,genomic_mutation_rate_U,0.0046,0.0037,0.00571,interval,95% confidence interval,mutations per genome per cell generation,13.5294117647,8.22222222222,22.84,derived_interval_from_95ci,,,data/raw/sprouffske_2018/s3_genomic_mutation_rates.xlsx,Values transcribed from PLOS Genetics supplementary S3 Table; U confidence interval columns preserved.,Mutation-rate multiplier is derived relative to the MRS ancestor U row; no fitness value is encoded in this row.,raw_observation_not_fit
sprouffske_2018_s3_mrl_rep6_U,sprouffske_2018,calibration_dataset_v0,S3 Table. Genomic mutation rates.,Engineered mutation-rate evolution experiment,MRL,6,3000,DM1000 original selected environment,genomic_mutation_rate_U,0.00336,0.00267,0.00423,interval,95% confidence interval,mutations per genome per cell generation,9.88235294118,5.93333333333,16.92,derived_interval_from_95ci,,,data/raw/sprouffske_2018/s3_genomic_mutation_rates.xlsx,Values transcribed from PLOS Genetics supplementary S3 Table; U confidence interval columns preserved.,Mutation-rate multiplier is derived relative to the MRS ancestor U row; no fitness value is encoded in this row.,raw_observation_not_fit
sprouffske_2018_s3_mrl_rep7_U,sprouffske_2018,calibration_dataset_v0,S3 Table. Genomic mutation rates.,Engineered mutation-rate evolution experiment,MRL,7,3000,DM1000 original selected environment,genomic_mutation_rate_U,0.00706,0.00434,0.01157,interval,95% confidence interval,mutations per genome per cell generation,20.7647058824,9.64444444444,46.28,derived_interval_from_95ci,,,data/raw/sprouffske_2018/s3_genomic_mutation_rates.xlsx,Values transcribed from PLOS Genetics supplementary S3 Table; U confidence interval columns preserved.,Mutation-rate multiplier is derived relative to the MRS ancestor U row; no fitness value is encoded in this row.,raw_observation_not_fit
sprouffske_2018_s3_mrl_rep8_U,sprouffske_2018,calibration_dataset_v0,S3 Table. Genomic mutation rates.,Engineered mutation-rate evolution experiment,MRL,8,3000,DM1000 original selected environment,genomic_mutation_rate_U,0.00649,0.0036,0.0117,interval,95% confidence interval,mutations per genome per cell generation,19.0882352941,8,46.8,derived_interval_from_95ci,,,data/raw/sprouffske_2018/s3_genomic_mutation_rates.xlsx,Values transcribed from PLOS Genetics supplementary S3 Table; U confidence interval columns preserved.,Mutation-rate multiplier is derived relative to the MRS ancestor U row; no fitness value is encoded in this row.,raw_observation_not_fit
sprouffske_2018_s3_mrxl_ancestor_U,sprouffske_2018,calibration_dataset_v0,S3 Table. Genomic mutation rates.,Engineered mutation-rate evolution experiment,MRXL,Ancestor,0,DM1000 original selected environment,genomic_mutation_rate_U,0.03596,0.03079,0.04204,interval,95% confidence interval,mutations per genome per cell generation,105.764705882,68.4222222222,168.16,derived_interval_from_95ci,,,data/raw/sprouffske_2018/s3_genomic_mutation_rates.xlsx,Values transcribed from PLOS Genetics supplementary S3 Table; U confidence interval columns preserved.,Mutation-rate multiplier is derived relative to the MRS ancestor U row; no fitness value is encoded in this row.,raw_observation_not_fit
sprouffske_2018_s3_mrxl_rep1_U,sprouffske_2018,calibration_dataset_v0,S3 Table. Genomic mutation rates.,Engineered mutation-rate evolution experiment,MRXL,1,3000,DM1000 original selected environment,genomic_mutation_rate_U,0.0151,0.01216,0.01876,interval,95% confidence interval,mutations per genome per cell generation,44.4117647059,27.0222222222,75.04,derived_interval_from_95ci,,,data/raw/sprouffske_2018/s3_genomic_mutation_rates.xlsx,Values transcribed from PLOS Genetics supplementary S3 Table; U confidence interval columns preserved.,Mutation-rate multiplier is derived relative to the MRS ancestor U row; no fitness value is encoded in this row.,raw_observation_not_fit
sprouffske_2018_s3_mrxl_rep2_U,sprouffske_2018,calibration_dataset_v0,S3 Table. Genomic mutation rates.,Engineered mutation-rate evolution experiment,MRXL,2,3000,DM1000 original selected environment,genomic_mutation_rate_U,0.01229,0.00987,0.01523,interval,95% confidence interval,mutations per genome per cell generation,36.1470588235,21.9333333333,60.92,derived_interval_from_95ci,,,data/raw/sprouffske_2018/s3_genomic_mutation_rates.xlsx,Values transcribed from PLOS Genetics supplementary S3 Table; U confidence interval columns preserved.,Mutation-rate multiplier is derived relative to the MRS ancestor U row; no fitness value is encoded in this row.,raw_observation_not_fit
sprouffske_2018_s3_mrxl_rep3_U,sprouffske_2018,calibration_dataset_v0,S3 Table. Genomic mutation rates.,Engineered mutation-rate evolution experiment,MRXL,3,3000,DM1000 original selected environment,genomic_mutation_rate_U,0.00626,0.00403,0.00974,interval,95% confidence interval,mutations per genome per cell generation,18.4117647059,8.95555555556,38.96,derived_interval_from_95ci,,,data/raw/sprouffske_2018/s3_genomic_mutation_rates.xlsx,Values transcribed from PLOS Genetics supplementary S3 Table; U confidence interval columns preserved.,Mutation-rate multiplier is derived relative to the MRS ancestor U row; no fitness value is encoded in this row.,raw_observation_not_fit
sprouffske_2018_s3_mrxl_rep4_U,sprouffske_2018,calibration_dataset_v0,S3 Table. Genomic mutation rates.,Engineered mutation-rate evolution experiment,MRXL,4,3000,DM1000 original selected environment,genomic_mutation_rate_U,0.00452,0.00252,0.00811,interval,95% confidence interval,mutations per genome per cell generation,13.2941176471,5.6,32.44,derived_interval_from_95ci,,,data/raw/sprouffske_2018/s3_genomic_mutation_rates.xlsx,Values transcribed from PLOS Genetics supplementary S3 Table; U confidence interval columns preserved.,Mutation-rate multiplier is derived relative to the MRS ancestor U row; no fitness value is encoded in this row.,raw_observation_not_fit
sprouffske_2018_s3_mrxl_rep5_U,sprouffske_2018,calibration_dataset_v0,S3 Table. Genomic mutation rates.,Engineered mutation-rate evolution experiment,MRXL,5,3000,DM1000 original selected environment,genomic_mutation_rate_U,0.00173,0.00137,0.00218,interval,95% confidence interval,mutations per genome per cell generation,5.08823529412,3.04444444444,8.72,derived_interval_from_95ci,,,data/raw/sprouffske_2018/s3_genomic_mutation_rates.xlsx,Values transcribed from PLOS Genetics supplementary S3 Table; U confidence interval columns preserved.,Mutation-rate multiplier is derived relative to the MRS ancestor U row; no fitness value is encoded in this row.,raw_observation_not_fit
sprouffske_2018_s3_mrxl_rep6_U,sprouffske_2018,calibration_dataset_v0,S3 Table. Genomic mutation rates.,Engineered mutation-rate evolution experiment,MRXL,6,3000,DM1000 original selected environment,genomic_mutation_rate_U,0.00414,0.00288,0.00594,interval,95% confidence interval,mutations per genome per cell generation,12.1764705882,6.4,23.76,derived_interval_from_95ci,,,data/raw/sprouffske_2018/s3_genomic_mutation_rates.xlsx,Values transcribed from PLOS Genetics supplementary S3 Table; U confidence interval columns preserved.,Mutation-rate multiplier is derived relative to the MRS ancestor U row; no fitness value is encoded in this row.,raw_observation_not_fit
sprouffske_2018_s3_mrxl_rep7_U,sprouffske_2018,calibration_dataset_v0,S3 Table. Genomic mutation rates.,Engineered mutation-rate evolution experiment,MRXL,7,3000,DM1000 original selected environment,genomic_mutation_rate_U,0.00693,0.00536,0.00896,interval,95% confidence interval,mutations per genome per cell generation,20.3823529412,11.9111111111,35.84,derived_interval_from_95ci,,,data/raw/sprouffske_2018/s3_genomic_mutation_rates.xlsx,Values transcribed from PLOS Genetics supplementary S3 Table; U confidence interval columns preserved.,Mutation-rate multiplier is derived relative to the MRS ancestor U row; no fitness value is encoded in this row.,raw_observation_not_fit
sprouffske_2018_s3_mrxl_rep8_U,sprouffske_2018,calibration_dataset_v0,S3 Table. Genomic mutation rates.,Engineered mutation-rate evolution experiment,MRXL,8,3000,DM1000 original selected environment,genomic_mutation_rate_U,0.00078,0.00054,0.00111,interval,95% confidence interval,mutations per genome per cell generation,2.29411764706,1.2,4.44,derived_interval_from_95ci,,,data/raw/sprouffske_2018/s3_genomic_mutation_rates.xlsx,Values transcribed from PLOS Genetics supplementary S3 Table; U confidence interval columns preserved.,Mutation-rate multiplier is derived relative to the MRS ancestor U row; no fitness value is encoded in this row.,raw_observation_not_fit
sprouffske_2018_growth_mrs_ancestor_relative_fitness,sprouffske_2018,calibration_dataset_v0,Dryad phenotyping_data/growth-curves.txt,Engineered mutation-rate evolution experiment,MRS,Ancestor,0,DM1000 original selected environment,relative_fitness,0,0,0,interval,definition of relative-fitness control baseline,cell divisions per hour growth-rate difference (r_evo - r_anc),1,1,1,control_definition,MRS same-batch ancestor mean r,"For evolved populations, r_anc is the mean of three rep 0 ancestor growth-rate estimates for the same strain measured in the same growth-curve batch; relative fitness follows Sprouffske et al. methods as r_evo - r_anc.",data/raw/sprouffske_2018/phenotyping_data/growth-curves.txt,Curated from Dryad growth-curves.txt. Growth-curve r values were fit with Growthcurver by the original authors; relative fitness is computed as r_evo minus matched same-strain ancestor mean r in the same experimental batch.,"Control baseline row: value is exactly 0 by the paper method when the same-strain ancestor is compared to its own matched ancestor control. Raw ancestor r values in growth-curves.txt supply controls for evolved rows, not an independent evolved response.",raw_observation_not_fit
sprouffske_2018_growth_mrs_rep1_relative_fitness,sprouffske_2018,calibration_dataset_v0,Dryad phenotyping_data/growth-curves.txt,Engineered mutation-rate evolution experiment,MRS,1,3000,DM1000 original selected environment,relative_fitness,0.774572222222,0.68826,0.934996666667,distribution,"three matched growth-curve batches; lower/upper are observed min/max, not confidence intervals",cell divisions per hour growth-rate difference (r_evo - r_anc),0.735294117647,0.377777777778,1.48,derived_interval_from_95ci,MRS same-batch ancestor mean r,"For evolved populations, r_anc is the mean of three rep 0 ancestor growth-rate estimates for the same strain measured in the same growth-curve batch; relative fitness follows Sprouffske et al. methods as r_evo - r_anc.",data/raw/sprouffske_2018/phenotyping_data/growth-curves.txt,Curated from Dryad growth-curves.txt. Growth-curve r values were fit with Growthcurver by the original authors; relative fitness is computed as r_evo minus matched same-strain ancestor mean r in the same experimental batch.,"Dryad raw generation=2907; paper describes this final timepoint as approximately 3000 generations. Stored in the existing final-generation calibration slot to align with S3 mutation-rate rows. Exact relative-fitness values by batch: [0.70046, 0.93500, 0.68826]. Matched controls: batch 11: ancestor_mean_r=1.39315, batch 12: ancestor_mean_r=1.41486, batch 13: ancestor_mean_r=1.31634.",raw_observation_not_fit
sprouffske_2018_growth_mrs_rep2_relative_fitness,sprouffske_2018,calibration_dataset_v0,Dryad phenotyping_data/growth-curves.txt,Engineered mutation-rate evolution experiment,MRS,2,3000,DM1000 original selected environment,relative_fitness,1.57244222222,1.30913666667,1.94882,distribution,"three matched growth-curve batches; lower/upper are observed min/max, not confidence intervals",cell divisions per hour growth-rate difference (r_evo - r_anc),0.147058823529,0.0444444444444,0.56,derived_interval_from_95ci,MRS same-batch ancestor mean r,"For evolved populations, r_anc is the mean of three rep 0 ancestor growth-rate estimates for the same strain measured in the same growth-curve batch; relative fitness follows Sprouffske et al. methods as r_evo - r_anc.",data/raw/sprouffske_2018/phenotyping_data/growth-curves.txt,Curated from Dryad growth-curves.txt. Growth-curve r values were fit with Growthcurver by the original authors; relative fitness is computed as r_evo minus matched same-strain ancestor mean r in the same experimental batch.,"Dryad raw generation=2907; paper describes this final timepoint as approximately 3000 generations. Stored in the existing final-generation calibration slot to align with S3 mutation-rate rows. Exact relative-fitness values by batch: [1.45937, 1.30914, 1.94882]. Matched controls: batch 11: ancestor_mean_r=1.39315, batch 12: ancestor_mean_r=1.41486, batch 13: ancestor_mean_r=1.31634.",raw_observation_not_fit
sprouffske_2018_growth_mrs_rep4_relative_fitness,sprouffske_2018,calibration_dataset_v0,Dryad phenotyping_data/growth-curves.txt,Engineered mutation-rate evolution experiment,MRS,4,3000,DM1000 original selected environment,relative_fitness,1.32516555556,1.23813666667,1.38282,distribution,"three matched growth-curve batches; lower/upper are observed min/max, not confidence intervals",cell divisions per hour growth-rate difference (r_evo - r_anc),0.205882352941,0.0666666666667,0.68,derived_interval_from_95ci,MRS same-batch ancestor mean r,"For evolved populations, r_anc is the mean of three rep 0 ancestor growth-rate estimates for the same strain measured in the same growth-curve batch; relative fitness follows Sprouffske et al. methods as r_evo - r_anc.",data/raw/sprouffske_2018/phenotyping_data/growth-curves.txt,Curated from Dryad growth-curves.txt. Growth-curve r values were fit with Growthcurver by the original authors; relative fitness is computed as r_evo minus matched same-strain ancestor mean r in the same experimental batch.,"Dryad raw generation=2907; paper describes this final timepoint as approximately 3000 generations. Stored in the existing final-generation calibration slot to align with S3 mutation-rate rows. Exact relative-fitness values by batch: [1.35454, 1.23814, 1.38282]. Matched controls: batch 11: ancestor_mean_r=1.39315, batch 12: ancestor_mean_r=1.41486, batch 13: ancestor_mean_r=1.31634.",raw_observation_not_fit
sprouffske_2018_growth_mrs_rep5_relative_fitness,sprouffske_2018,calibration_dataset_v0,Dryad phenotyping_data/growth-curves.txt,Engineered mutation-rate evolution experiment,MRS,5,3000,DM1000 original selected environment,relative_fitness,0.632072222222,0.57707,0.671246666667,distribution,"three matched growth-curve batches; lower/upper are observed min/max, not confidence intervals",cell divisions per hour growth-rate difference (r_evo - r_anc),0.911764705882,0.466666666667,1.92,derived_interval_from_95ci,MRS same-batch ancestor mean r,"For evolved populations, r_anc is the mean of three rep 0 ancestor growth-rate estimates for the same strain measured in the same growth-curve batch; relative fitness follows Sprouffske et al. methods as r_evo - r_anc.",data/raw/sprouffske_2018/phenotyping_data/growth-curves.txt,Curated from Dryad growth-curves.txt. Growth-curve r values were fit with Growthcurver by the original authors; relative fitness is computed as r_evo minus matched same-strain ancestor mean r in the same experimental batch.,"Dryad raw generation=2907; paper describes this final timepoint as approximately 3000 generations. Stored in the existing final-generation calibration slot to align with S3 mutation-rate rows. Exact relative-fitness values by batch: [0.64790, 0.67125, 0.57707]. Matched controls: batch 11: ancestor_mean_r=1.39315, batch 12: ancestor_mean_r=1.41486, batch 13: ancestor_mean_r=1.31634.",raw_observation_not_fit
sprouffske_2018_growth_mrs_rep6_relative_fitness,sprouffske_2018,calibration_dataset_v0,Dryad phenotyping_data/growth-curves.txt,Engineered mutation-rate evolution experiment,MRS,6,3000,DM1000 original selected environment,relative_fitness,1.12491555556,0.601896666667,1.56058,distribution,"three matched growth-curve batches; lower/upper are observed min/max, not confidence intervals",cell divisions per hour growth-rate difference (r_evo - r_anc),9.88235294118,5.93333333333,16.92,derived_interval_from_95ci,MRS same-batch ancestor mean r,"For evolved populations, r_anc is the mean of three rep 0 ancestor growth-rate estimates for the same strain measured in the same growth-curve batch; relative fitness follows Sprouffske et al. methods as r_evo - r_anc.",data/raw/sprouffske_2018/phenotyping_data/growth-curves.txt,Curated from Dryad growth-curves.txt. Growth-curve r values were fit with Growthcurver by the original authors; relative fitness is computed as r_evo minus matched same-strain ancestor mean r in the same experimental batch.,"Dryad raw generation=2907; paper describes this final timepoint as approximately 3000 generations. Stored in the existing final-generation calibration slot to align with S3 mutation-rate rows. Exact relative-fitness values by batch: [1.56058, 0.60190, 1.21227]. Matched controls: batch 11: ancestor_mean_r=1.39315, batch 12: ancestor_mean_r=1.41486, batch 13: ancestor_mean_r=1.31634.",raw_observation_not_fit
sprouffske_2018_growth_mrs_rep8_relative_fitness,sprouffske_2018,calibration_dataset_v0,Dryad phenotyping_data/growth-curves.txt,Engineered mutation-rate evolution experiment,MRS,8,3000,DM1000 original selected environment,relative_fitness,-0.0877577777778,-0.111883333333,-0.04162,distribution,"three matched growth-curve batches; lower/upper are observed min/max, not confidence intervals",cell divisions per hour growth-rate difference (r_evo - r_anc),0.323529411765,0.155555555556,0.68,derived_interval_from_95ci,MRS same-batch ancestor mean r,"For evolved populations, r_anc is the mean of three rep 0 ancestor growth-rate estimates for the same strain measured in the same growth-curve batch; relative fitness follows Sprouffske et al. methods as r_evo - r_anc.",data/raw/sprouffske_2018/phenotyping_data/growth-curves.txt,Curated from Dryad growth-curves.txt. Growth-curve r values were fit with Growthcurver by the original authors; relative fitness is computed as r_evo minus matched same-strain ancestor mean r in the same experimental batch.,"Dryad raw generation=2907; paper describes this final timepoint as approximately 3000 generations. Stored in the existing final-generation calibration slot to align with S3 mutation-rate rows. Exact relative-fitness values by batch: [-0.10977, -0.11188, -0.04162]. Matched controls: batch 11: ancestor_mean_r=1.39315, batch 12: ancestor_mean_r=1.41486, batch 13: ancestor_mean_r=1.31634.",raw_observation_not_fit
sprouffske_2018_growth_mrm_ancestor_relative_fitness,sprouffske_2018,calibration_dataset_v0,Dryad phenotyping_data/growth-curves.txt,Engineered mutation-rate evolution experiment,MRM,Ancestor,0,DM1000 original selected environment,relative_fitness,0,0,0,interval,definition of relative-fitness control baseline,cell divisions per hour growth-rate difference (r_evo - r_anc),6.91176470588,3.66666666667,13.28,derived_interval_from_95ci,MRM same-batch ancestor mean r,"For evolved populations, r_anc is the mean of three rep 0 ancestor growth-rate estimates for the same strain measured in the same growth-curve batch; relative fitness follows Sprouffske et al. methods as r_evo - r_anc.",data/raw/sprouffske_2018/phenotyping_data/growth-curves.txt,Curated from Dryad growth-curves.txt. Growth-curve r values were fit with Growthcurver by the original authors; relative fitness is computed as r_evo minus matched same-strain ancestor mean r in the same experimental batch.,"Control baseline row: value is exactly 0 by the paper method when the same-strain ancestor is compared to its own matched ancestor control. Raw ancestor r values in growth-curves.txt supply controls for evolved rows, not an independent evolved response.",raw_observation_not_fit
sprouffske_2018_growth_mrm_rep1_relative_fitness,sprouffske_2018,calibration_dataset_v0,Dryad phenotyping_data/growth-curves.txt,Engineered mutation-rate evolution experiment,MRM,1,3000,DM1000 original selected environment,relative_fitness,1.33379333333,0.866246666667,1.89438333333,distribution,"three matched growth-curve batches; lower/upper are observed min/max, not confidence intervals",cell divisions per hour growth-rate difference (r_evo - r_anc),4.05882352941,2.42222222222,7,derived_interval_from_95ci,MRM same-batch ancestor mean r,"For evolved populations, r_anc is the mean of three rep 0 ancestor growth-rate estimates for the same strain measured in the same growth-curve batch; relative fitness follows Sprouffske et al. methods as r_evo - r_anc.",data/raw/sprouffske_2018/phenotyping_data/growth-curves.txt,Curated from Dryad growth-curves.txt. Growth-curve r values were fit with Growthcurver by the original authors; relative fitness is computed as r_evo minus matched same-strain ancestor mean r in the same experimental batch.,"Dryad raw generation=2907; paper describes this final timepoint as approximately 3000 generations. Stored in the existing final-generation calibration slot to align with S3 mutation-rate rows. Exact relative-fitness values by batch: [0.86625, 1.24075, 1.89438]. Matched controls: batch 11: ancestor_mean_r=1.38795, batch 12: ancestor_mean_r=1.38570, batch 13: ancestor_mean_r=1.32145.",raw_observation_not_fit
sprouffske_2018_growth_mrm_rep2_relative_fitness,sprouffske_2018,calibration_dataset_v0,Dryad phenotyping_data/growth-curves.txt,Engineered mutation-rate evolution experiment,MRM,2,3000,DM1000 original selected environment,relative_fitness,-0.0168966666667,-0.06553,0.0612433333333,distribution,"three matched growth-curve batches; lower/upper are observed min/max, not confidence intervals",cell divisions per hour growth-rate difference (r_evo - r_anc),2.41176470588,1.04444444444,5.72,derived_interval_from_95ci,MRM same-batch ancestor mean r,"For evolved populations, r_anc is the mean of three rep 0 ancestor growth-rate estimates for the same strain measured in the same growth-curve batch; relative fitness follows Sprouffske et al. methods as r_evo - r_anc.",data/raw/sprouffske_2018/phenotyping_data/growth-curves.txt,Curated from Dryad growth-curves.txt. Growth-curve r values were fit with Growthcurver by the original authors; relative fitness is computed as r_evo minus matched same-strain ancestor mean r in the same experimental batch.,"Dryad raw generation=2907; paper describes this final timepoint as approximately 3000 generations. Stored in the existing final-generation calibration slot to align with S3 mutation-rate rows. Exact relative-fitness values by batch: [-0.04640, -0.06553, 0.06124]. Matched controls: batch 11: ancestor_mean_r=1.38795, batch 12: ancestor_mean_r=1.38570, batch 13: ancestor_mean_r=1.32145.",raw_observation_not_fit
sprouffske_2018_growth_mrm_rep3_relative_fitness,sprouffske_2018,calibration_dataset_v0,Dryad phenotyping_data/growth-curves.txt,Engineered mutation-rate evolution experiment,MRM,3,3000,DM1000 original selected environment,relative_fitness,1.04069666667,0.82135,1.40106333333,distribution,"three matched growth-curve batches; lower/upper are observed min/max, not confidence intervals",cell divisions per hour growth-rate difference (r_evo - r_anc),4.02941176471,2.31111111111,7.16,derived_interval_from_95ci,MRM same-batch ancestor mean r,"For evolved populations, r_anc is the mean of three rep 0 ancestor growth-rate estimates for the same strain measured in the same growth-curve batch; relative fitness follows Sprouffske et al. methods as r_evo - r_anc.",data/raw/sprouffske_2018/phenotyping_data/growth-curves.txt,Curated from Dryad growth-curves.txt. Growth-curve r values were fit with Growthcurver by the original authors; relative fitness is computed as r_evo minus matched same-strain ancestor mean r in the same experimental batch.,"Dryad raw generation=2907; paper describes this final timepoint as approximately 3000 generations. Stored in the existing final-generation calibration slot to align with S3 mutation-rate rows. Exact relative-fitness values by batch: [0.89968, 0.82135, 1.40106]. Matched controls: batch 11: ancestor_mean_r=1.38795, batch 12: ancestor_mean_r=1.38570, batch 13: ancestor_mean_r=1.32145.",raw_observation_not_fit
sprouffske_2018_growth_mrm_rep4_relative_fitness,sprouffske_2018,calibration_dataset_v0,Dryad phenotyping_data/growth-curves.txt,Engineered mutation-rate evolution experiment,MRM,4,3000,DM1000 original selected environment,relative_fitness,0.28835,0.26194,0.335356666667,distribution,"three matched growth-curve batches; lower/upper are observed min/max, not confidence intervals",cell divisions per hour growth-rate difference (r_evo - r_anc),1.76470588235,1,3.24,derived_interval_from_95ci,MRM same-batch ancestor mean r,"For evolved populations, r_anc is the mean of three rep 0 ancestor growth-rate estimates for the same strain measured in the same growth-curve batch; relative fitness follows Sprouffske et al. methods as r_evo - r_anc.",data/raw/sprouffske_2018/phenotyping_data/growth-curves.txt,Curated from Dryad growth-curves.txt. Growth-curve r values were fit with Growthcurver by the original authors; relative fitness is computed as r_evo minus matched same-strain ancestor mean r in the same experimental batch.,"Dryad raw generation=2907; paper describes this final timepoint as approximately 3000 generations. Stored in the existing final-generation calibration slot to align with S3 mutation-rate rows. Exact relative-fitness values by batch: [0.33536, 0.26194, 0.26775]. Matched controls: batch 11: ancestor_mean_r=1.38795, batch 12: ancestor_mean_r=1.38570, batch 13: ancestor_mean_r=1.32145.",raw_observation_not_fit
sprouffske_2018_growth_mrm_rep5_relative_fitness,sprouffske_2018,calibration_dataset_v0,Dryad phenotyping_data/growth-curves.txt,Engineered mutation-rate evolution experiment,MRM,5,3000,DM1000 original selected environment,relative_fitness,1.56409,1.34212666667,1.72502333333,distribution,"three matched growth-curve batches; lower/upper are observed min/max, not confidence intervals",cell divisions per hour growth-rate difference (r_evo - r_anc),0.735294117647,0.288888888889,1.92,derived_interval_from_95ci,MRM same-batch ancestor mean r,"For evolved populations, r_anc is the mean of three rep 0 ancestor growth-rate estimates for the same strain measured in the same growth-curve batch; relative fitness follows Sprouffske et al. methods as r_evo - r_anc.",data/raw/sprouffske_2018/phenotyping_data/growth-curves.txt,Curated from Dryad growth-curves.txt. Growth-curve r values were fit with Growthcurver by the original authors; relative fitness is computed as r_evo minus matched same-strain ancestor mean r in the same experimental batch.,"Dryad raw generation=2907; paper describes this final timepoint as approximately 3000 generations. Stored in the existing final-generation calibration slot to align with S3 mutation-rate rows. Exact relative-fitness values by batch: [1.34213, 1.62512, 1.72502]. Matched controls: batch 11: ancestor_mean_r=1.38795, batch 12: ancestor_mean_r=1.38570, batch 13: ancestor_mean_r=1.32145.",raw_observation_not_fit
sprouffske_2018_growth_mrm_rep6_relative_fitness,sprouffske_2018,calibration_dataset_v0,Dryad phenotyping_data/growth-curves.txt,Engineered mutation-rate evolution experiment,MRM,6,3000,DM1000 original selected environment,relative_fitness,1.31399333333,1.26299,1.35870333333,distribution,"three matched growth-curve batches; lower/upper are observed min/max, not confidence intervals",cell divisions per hour growth-rate difference (r_evo - r_anc),6.23529411765,3.75555555556,10.64,derived_interval_from_95ci,MRM same-batch ancestor mean r,"For evolved populations, r_anc is the mean of three rep 0 ancestor growth-rate estimates for the same strain measured in the same growth-curve batch; relative fitness follows Sprouffske et al. methods as r_evo - r_anc.",data/raw/sprouffske_2018/phenotyping_data/growth-curves.txt,Curated from Dryad growth-curves.txt. Growth-curve r values were fit with Growthcurver by the original authors; relative fitness is computed as r_evo minus matched same-strain ancestor mean r in the same experimental batch.,"Dryad raw generation=2907; paper describes this final timepoint as approximately 3000 generations. Stored in the existing final-generation calibration slot to align with S3 mutation-rate rows. Exact relative-fitness values by batch: [1.32029, 1.26299, 1.35870]. Matched controls: batch 11: ancestor_mean_r=1.38795, batch 12: ancestor_mean_r=1.38570, batch 13: ancestor_mean_r=1.32145.",raw_observation_not_fit
sprouffske_2018_growth_mrm_rep7_relative_fitness,sprouffske_2018,calibration_dataset_v0,Dryad phenotyping_data/growth-curves.txt,Engineered mutation-rate evolution experiment,MRM,7,3000,DM1000 original selected environment,relative_fitness,1.70465333333,1.40993333333,2.03096,distribution,"three matched growth-curve batches; lower/upper are observed min/max, not confidence intervals",cell divisions per hour growth-rate difference (r_evo - r_anc),4.38235294118,2.57777777778,7.72,derived_interval_from_95ci,MRM same-batch ancestor mean r,"For evolved populations, r_anc is the mean of three rep 0 ancestor growth-rate estimates for the same strain measured in the same growth-curve batch; relative fitness follows Sprouffske et al. methods as r_evo - r_anc.",data/raw/sprouffske_2018/phenotyping_data/growth-curves.txt,Curated from Dryad growth-curves.txt. Growth-curve r values were fit with Growthcurver by the original authors; relative fitness is computed as r_evo minus matched same-strain ancestor mean r in the same experimental batch.,"Dryad raw generation=2907; paper describes this final timepoint as approximately 3000 generations. Stored in the existing final-generation calibration slot to align with S3 mutation-rate rows. Exact relative-fitness values by batch: [1.67307, 2.03096, 1.40993]. Matched controls: batch 11: ancestor_mean_r=1.38795, batch 12: ancestor_mean_r=1.38570, batch 13: ancestor_mean_r=1.32145.",raw_observation_not_fit
sprouffske_2018_growth_mrm_rep8_relative_fitness,sprouffske_2018,calibration_dataset_v0,Dryad phenotyping_data/growth-curves.txt,Engineered mutation-rate evolution experiment,MRM,8,3000,DM1000 original selected environment,relative_fitness,0.69916,0.591103333333,0.75829,distribution,"three matched growth-curve batches; lower/upper are observed min/max, not confidence intervals",cell divisions per hour growth-rate difference (r_evo - r_anc),3.64705882353,1.86666666667,7.36,derived_interval_from_95ci,MRM same-batch ancestor mean r,"For evolved populations, r_anc is the mean of three rep 0 ancestor growth-rate estimates for the same strain measured in the same growth-curve batch; relative fitness follows Sprouffske et al. methods as r_evo - r_anc.",data/raw/sprouffske_2018/phenotyping_data/growth-curves.txt,Curated from Dryad growth-curves.txt. Growth-curve r values were fit with Growthcurver by the original authors; relative fitness is computed as r_evo minus matched same-strain ancestor mean r in the same experimental batch.,"Dryad raw generation=2907; paper describes this final timepoint as approximately 3000 generations. Stored in the existing final-generation calibration slot to align with S3 mutation-rate rows. Exact relative-fitness values by batch: [0.74809, 0.75829, 0.59110]. Matched controls: batch 11: ancestor_mean_r=1.38795, batch 12: ancestor_mean_r=1.38570, batch 13: ancestor_mean_r=1.32145.",raw_observation_not_fit
sprouffske_2018_growth_mrl_ancestor_relative_fitness,sprouffske_2018,calibration_dataset_v0,Dryad phenotyping_data/growth-curves.txt,Engineered mutation-rate evolution experiment,MRL,Ancestor,0,DM1000 original selected environment,relative_fitness,0,0,0,interval,definition of relative-fitness control baseline,cell divisions per hour growth-rate difference (r_evo - r_anc),12.1764705882,6.57777777778,23.16,derived_interval_from_95ci,MRL same-batch ancestor mean r,"For evolved populations, r_anc is the mean of three rep 0 ancestor growth-rate estimates for the same strain measured in the same growth-curve batch; relative fitness follows Sprouffske et al. methods as r_evo - r_anc.",data/raw/sprouffske_2018/phenotyping_data/growth-curves.txt,Curated from Dryad growth-curves.txt. Growth-curve r values were fit with Growthcurver by the original authors; relative fitness is computed as r_evo minus matched same-strain ancestor mean r in the same experimental batch.,"Control baseline row: value is exactly 0 by the paper method when the same-strain ancestor is compared to its own matched ancestor control. Raw ancestor r values in growth-curves.txt supply controls for evolved rows, not an independent evolved response.",raw_observation_not_fit
sprouffske_2018_growth_mrl_rep1_relative_fitness,sprouffske_2018,calibration_dataset_v0,Dryad phenotyping_data/growth-curves.txt,Engineered mutation-rate evolution experiment,MRL,1,3000,DM1000 original selected environment,relative_fitness,1.72001222222,1.57754333333,1.81874333333,distribution,"three matched growth-curve batches; lower/upper are observed min/max, not confidence intervals",cell divisions per hour growth-rate difference (r_evo - r_anc),5.32352941176,2.95555555556,9.84,derived_interval_from_95ci,MRL same-batch ancestor mean r,"For evolved populations, r_anc is the mean of three rep 0 ancestor growth-rate estimates for the same strain measured in the same growth-curve batch; relative fitness follows Sprouffske et al. methods as r_evo - r_anc.",data/raw/sprouffske_2018/phenotyping_data/growth-curves.txt,Curated from Dryad growth-curves.txt. Growth-curve r values were fit with Growthcurver by the original authors; relative fitness is computed as r_evo minus matched same-strain ancestor mean r in the same experimental batch.,"Dryad raw generation=2907; paper describes this final timepoint as approximately 3000 generations. Stored in the existing final-generation calibration slot to align with S3 mutation-rate rows. Exact relative-fitness values by batch: [1.76375, 1.57754, 1.81874]. Matched controls: batch 11: ancestor_mean_r=1.25871, batch 12: ancestor_mean_r=1.27325, batch 13: ancestor_mean_r=1.13144.",raw_observation_not_fit
sprouffske_2018_growth_mrl_rep2_relative_fitness,sprouffske_2018,calibration_dataset_v0,Dryad phenotyping_data/growth-curves.txt,Engineered mutation-rate evolution experiment,MRL,2,3000,DM1000 original selected environment,relative_fitness,1.58121888889,1.27204333333,1.76933,distribution,"three matched growth-curve batches; lower/upper are observed min/max, not confidence intervals",cell divisions per hour growth-rate difference (r_evo - r_anc),7.47058823529,3.95555555556,14.48,derived_interval_from_95ci,MRL same-batch ancestor mean r,"For evolved populations, r_anc is the mean of three rep 0 ancestor growth-rate estimates for the same strain measured in the same growth-curve batch; relative fitness follows Sprouffske et al. methods as r_evo - r_anc.",data/raw/sprouffske_2018/phenotyping_data/growth-curves.txt,Curated from Dryad growth-curves.txt. Growth-curve r values were fit with Growthcurver by the original authors; relative fitness is computed as r_evo minus matched same-strain ancestor mean r in the same experimental batch.,"Dryad raw generation=2907; paper describes this final timepoint as approximately 3000 generations. Stored in the existing final-generation calibration slot to align with S3 mutation-rate rows. Exact relative-fitness values by batch: [1.76933, 1.70228, 1.27204]. Matched controls: batch 11: ancestor_mean_r=1.25871, batch 12: ancestor_mean_r=1.27325, batch 13: ancestor_mean_r=1.13144.",raw_observation_not_fit
sprouffske_2018_growth_mrl_rep3_relative_fitness,sprouffske_2018,calibration_dataset_v0,Dryad phenotyping_data/growth-curves.txt,Engineered mutation-rate evolution experiment,MRL,3,3000,DM1000 original selected environment,relative_fitness,1.93454888889,1.74533,2.05670333333,distribution,"three matched growth-curve batches; lower/upper are observed min/max, not confidence intervals",cell divisions per hour growth-rate difference (r_evo - r_anc),4.35294117647,1.66666666667,11.68,derived_interval_from_95ci,MRL same-batch ancestor mean r,"For evolved populations, r_anc is the mean of three rep 0 ancestor growth-rate estimates for the same strain measured in the same growth-curve batch; relative fitness follows Sprouffske et al. methods as r_evo - r_anc.",data/raw/sprouffske_2018/phenotyping_data/growth-curves.txt,Curated from Dryad growth-curves.txt. Growth-curve r values were fit with Growthcurver by the original authors; relative fitness is computed as r_evo minus matched same-strain ancestor mean r in the same experimental batch.,"Dryad raw generation=2907; paper describes this final timepoint as approximately 3000 generations. Stored in the existing final-generation calibration slot to align with S3 mutation-rate rows. Exact relative-fitness values by batch: [1.74533, 2.00161, 2.05670]. Matched controls: batch 11: ancestor_mean_r=1.25871, batch 12: ancestor_mean_r=1.27325, batch 13: ancestor_mean_r=1.13144.",raw_observation_not_fit
sprouffske_2018_growth_mrl_rep4_relative_fitness,sprouffske_2018,calibration_dataset_v0,Dryad phenotyping_data/growth-curves.txt,Engineered mutation-rate evolution experiment,MRL,4,3000,DM1000 original selected environment,relative_fitness,0.258062222222,0.0957533333333,0.368573333333,distribution,"three matched growth-curve batches; lower/upper are observed min/max, not confidence intervals",cell divisions per hour growth-rate difference (r_evo - r_anc),3.94117647059,2.17777777778,7.36,derived_interval_from_95ci,MRL same-batch ancestor mean r,"For evolved populations, r_anc is the mean of three rep 0 ancestor growth-rate estimates for the same strain measured in the same growth-curve batch; relative fitness follows Sprouffske et al. methods as r_evo - r_anc.",data/raw/sprouffske_2018/phenotyping_data/growth-curves.txt,Curated from Dryad growth-curves.txt. Growth-curve r values were fit with Growthcurver by the original authors; relative fitness is computed as r_evo minus matched same-strain ancestor mean r in the same experimental batch.,"Dryad raw generation=2907; paper describes this final timepoint as approximately 3000 generations. Stored in the existing final-generation calibration slot to align with S3 mutation-rate rows. Exact relative-fitness values by batch: [0.30986, 0.09575, 0.36857]. Matched controls: batch 11: ancestor_mean_r=1.25871, batch 12: ancestor_mean_r=1.27325, batch 13: ancestor_mean_r=1.13144.",raw_observation_not_fit
sprouffske_2018_growth_mrl_rep5_relative_fitness,sprouffske_2018,calibration_dataset_v0,Dryad phenotyping_data/growth-curves.txt,Engineered mutation-rate evolution experiment,MRL,5,3000,DM1000 original selected environment,relative_fitness,0.273215555556,-0.00349,0.449703333333,distribution,"three matched growth-curve batches; lower/upper are observed min/max, not confidence intervals",cell divisions per hour growth-rate difference (r_evo - r_anc),13.5294117647,8.22222222222,22.84,derived_interval_from_95ci,MRL same-batch ancestor mean r,"For evolved populations, r_anc is the mean of three rep 0 ancestor growth-rate estimates for the same strain measured in the same growth-curve batch; relative fitness follows Sprouffske et al. methods as r_evo - r_anc.",data/raw/sprouffske_2018/phenotyping_data/growth-curves.txt,Curated from Dryad growth-curves.txt. Growth-curve r values were fit with Growthcurver by the original authors; relative fitness is computed as r_evo minus matched same-strain ancestor mean r in the same experimental batch.,"Dryad raw generation=2907; paper describes this final timepoint as approximately 3000 generations. Stored in the existing final-generation calibration slot to align with S3 mutation-rate rows. Exact relative-fitness values by batch: [-0.00349, 0.37343, 0.44970]. Matched controls: batch 11: ancestor_mean_r=1.25871, batch 12: ancestor_mean_r=1.27325, batch 13: ancestor_mean_r=1.13144.",raw_observation_not_fit
sprouffske_2018_growth_mrl_rep6_relative_fitness,sprouffske_2018,calibration_dataset_v0,Dryad phenotyping_data/growth-curves.txt,Engineered mutation-rate evolution experiment,MRL,6,3000,DM1000 original selected environment,relative_fitness,0.355682222222,0.19165,0.567653333333,distribution,"three matched growth-curve batches; lower/upper are observed min/max, not confidence intervals",cell divisions per hour growth-rate difference (r_evo - r_anc),9.88235294118,5.93333333333,16.92,derived_interval_from_95ci,MRL same-batch ancestor mean r,"For evolved populations, r_anc is the mean of three rep 0 ancestor growth-rate estimates for the same strain measured in the same growth-curve batch; relative fitness follows Sprouffske et al. methods as r_evo - r_anc.",data/raw/sprouffske_2018/phenotyping_data/growth-curves.txt,Curated from Dryad growth-curves.txt. Growth-curve r values were fit with Growthcurver by the original authors; relative fitness is computed as r_evo minus matched same-strain ancestor mean r in the same experimental batch.,"Dryad raw generation=2907; paper describes this final timepoint as approximately 3000 generations. Stored in the existing final-generation calibration slot to align with S3 mutation-rate rows. Exact relative-fitness values by batch: [0.19165, 0.30774, 0.56765]. Matched controls: batch 11: ancestor_mean_r=1.25871, batch 12: ancestor_mean_r=1.27325, batch 13: ancestor_mean_r=1.13144.",raw_observation_not_fit
sprouffske_2018_growth_mrl_rep7_relative_fitness,sprouffske_2018,calibration_dataset_v0,Dryad phenotyping_data/growth-curves.txt,Engineered mutation-rate evolution experiment,MRL,7,3000,DM1000 original selected environment,relative_fitness,1.64590555556,1.02442333333,2.02663333333,distribution,"three matched growth-curve batches; lower/upper are observed min/max, not confidence intervals",cell divisions per hour growth-rate difference (r_evo - r_anc),20.7647058824,9.64444444444,46.28,derived_interval_from_95ci,MRL same-batch ancestor mean r,"For evolved populations, r_anc is the mean of three rep 0 ancestor growth-rate estimates for the same strain measured in the same growth-curve batch; relative fitness follows Sprouffske et al. methods as r_evo - r_anc.",data/raw/sprouffske_2018/phenotyping_data/growth-curves.txt,Curated from Dryad growth-curves.txt. Growth-curve r values were fit with Growthcurver by the original authors; relative fitness is computed as r_evo minus matched same-strain ancestor mean r in the same experimental batch.,"Dryad raw generation=2907; paper describes this final timepoint as approximately 3000 generations. Stored in the existing final-generation calibration slot to align with S3 mutation-rate rows. Exact relative-fitness values by batch: [1.88666, 1.02442, 2.02663]. Matched controls: batch 11: ancestor_mean_r=1.25871, batch 12: ancestor_mean_r=1.27325, batch 13: ancestor_mean_r=1.13144.",raw_observation_not_fit
sprouffske_2018_growth_mrl_rep8_relative_fitness,sprouffske_2018,calibration_dataset_v0,Dryad phenotyping_data/growth-curves.txt,Engineered mutation-rate evolution experiment,MRL,8,3000,DM1000 original selected environment,relative_fitness,1.39045888889,0.58604,1.88197333333,distribution,"three matched growth-curve batches; lower/upper are observed min/max, not confidence intervals",cell divisions per hour growth-rate difference (r_evo - r_anc),19.0882352941,8,46.8,derived_interval_from_95ci,MRL same-batch ancestor mean r,"For evolved populations, r_anc is the mean of three rep 0 ancestor growth-rate estimates for the same strain measured in the same growth-curve batch; relative fitness follows Sprouffske et al. methods as r_evo - r_anc.",data/raw/sprouffske_2018/phenotyping_data/growth-curves.txt,Curated from Dryad growth-curves.txt. Growth-curve r values were fit with Growthcurver by the original authors; relative fitness is computed as r_evo minus matched same-strain ancestor mean r in the same experimental batch.,"Dryad raw generation=2907; paper describes this final timepoint as approximately 3000 generations. Stored in the existing final-generation calibration slot to align with S3 mutation-rate rows. Exact relative-fitness values by batch: [0.58604, 1.88197, 1.70336]. Matched controls: batch 11: ancestor_mean_r=1.25871, batch 12: ancestor_mean_r=1.27325, batch 13: ancestor_mean_r=1.13144.",raw_observation_not_fit
sprouffske_2018_growth_mrxl_ancestor_relative_fitness,sprouffske_2018,calibration_dataset_v0,Dryad phenotyping_data/growth-curves.txt,Engineered mutation-rate evolution experiment,MRXL,Ancestor,0,DM1000 original selected environment,relative_fitness,0,0,0,interval,definition of relative-fitness control baseline,cell divisions per hour growth-rate difference (r_evo - r_anc),105.764705882,68.4222222222,168.16,derived_interval_from_95ci,MRXL same-batch ancestor mean r,"For evolved populations, r_anc is the mean of three rep 0 ancestor growth-rate estimates for the same strain measured in the same growth-curve batch; relative fitness follows Sprouffske et al. methods as r_evo - r_anc.",data/raw/sprouffske_2018/phenotyping_data/growth-curves.txt,Curated from Dryad growth-curves.txt. Growth-curve r values were fit with Growthcurver by the original authors; relative fitness is computed as r_evo minus matched same-strain ancestor mean r in the same experimental batch.,"Control baseline row: value is exactly 0 by the paper method when the same-strain ancestor is compared to its own matched ancestor control. Raw ancestor r values in growth-curves.txt supply controls for evolved rows, not an independent evolved response.",raw_observation_not_fit
sprouffske_2018_growth_mrxl_rep1_relative_fitness,sprouffske_2018,calibration_dataset_v0,Dryad phenotyping_data/growth-curves.txt,Engineered mutation-rate evolution experiment,MRXL,1,3000,DM1000 original selected environment,relative_fitness,1.52576111111,0.842,2.05121666667,distribution,"three matched growth-curve batches; lower/upper are observed min/max, not confidence intervals",cell divisions per hour growth-rate difference (r_evo - r_anc),44.4117647059,27.0222222222,75.04,derived_interval_from_95ci,MRXL same-batch ancestor mean r,"For evolved populations, r_anc is the mean of three rep 0 ancestor growth-rate estimates for the same strain measured in the same growth-curve batch; relative fitness follows Sprouffske et al. methods as r_evo - r_anc.",data/raw/sprouffske_2018/phenotyping_data/growth-curves.txt,Curated from Dryad growth-curves.txt. Growth-curve r values were fit with Growthcurver by the original authors; relative fitness is computed as r_evo minus matched same-strain ancestor mean r in the same experimental batch.,"Dryad raw generation=2907; paper describes this final timepoint as approximately 3000 generations. Stored in the existing final-generation calibration slot to align with S3 mutation-rate rows. Exact relative-fitness values by batch: [1.68407, 0.84200, 2.05122]. Matched controls: batch 11: ancestor_mean_r=1.27830, batch 12: ancestor_mean_r=1.33812, batch 13: ancestor_mean_r=1.17470.",raw_observation_not_fit
sprouffske_2018_growth_mrxl_rep2_relative_fitness,sprouffske_2018,calibration_dataset_v0,Dryad phenotyping_data/growth-curves.txt,Engineered mutation-rate evolution experiment,MRXL,2,3000,DM1000 original selected environment,relative_fitness,-0.150118888889,-0.621073333333,0.211036666667,distribution,"three matched growth-curve batches; lower/upper are observed min/max, not confidence intervals",cell divisions per hour growth-rate difference (r_evo - r_anc),36.1470588235,21.9333333333,60.92,derived_interval_from_95ci,MRXL same-batch ancestor mean r,"For evolved populations, r_anc is the mean of three rep 0 ancestor growth-rate estimates for the same strain measured in the same growth-curve batch; relative fitness follows Sprouffske et al. methods as r_evo - r_anc.",data/raw/sprouffske_2018/phenotyping_data/growth-curves.txt,Curated from Dryad growth-curves.txt. Growth-curve r values were fit with Growthcurver by the original authors; relative fitness is computed as r_evo minus matched same-strain ancestor mean r in the same experimental batch.,"Dryad raw generation=2907; paper describes this final timepoint as approximately 3000 generations. Stored in the existing final-generation calibration slot to align with S3 mutation-rate rows. Exact relative-fitness values by batch: [0.21104, -0.04032, -0.62107]. Matched controls: batch 11: ancestor_mean_r=1.27830, batch 12: ancestor_mean_r=1.33812, batch 13: ancestor_mean_r=1.17470.",raw_observation_not_fit
sprouffske_2018_growth_mrxl_rep3_relative_fitness,sprouffske_2018,calibration_dataset_v0,Dryad phenotyping_data/growth-curves.txt,Engineered mutation-rate evolution experiment,MRXL,3,3000,DM1000 original selected environment,relative_fitness,1.11916444444,0.27335,1.83297666667,distribution,"three matched growth-curve batches; lower/upper are observed min/max, not confidence intervals",cell divisions per hour growth-rate difference (r_evo - r_anc),18.4117647059,8.95555555556,38.96,derived_interval_from_95ci,MRXL same-batch ancestor mean r,"For evolved populations, r_anc is the mean of three rep 0 ancestor growth-rate estimates for the same strain measured in the same growth-curve batch; relative fitness follows Sprouffske et al. methods as r_evo - r_anc.",data/raw/sprouffske_2018/phenotyping_data/growth-curves.txt,Curated from Dryad growth-curves.txt. Growth-curve r values were fit with Growthcurver by the original authors; relative fitness is computed as r_evo minus matched same-strain ancestor mean r in the same experimental batch.,"Dryad raw generation=2907; paper describes this final timepoint as approximately 3000 generations. Stored in the existing final-generation calibration slot to align with S3 mutation-rate rows. Exact relative-fitness values by batch: [1.83298, 0.27335, 1.25117]. Matched controls: batch 11: ancestor_mean_r=1.27830, batch 12: ancestor_mean_r=1.33812, batch 13: ancestor_mean_r=1.17470.",raw_observation_not_fit
sprouffske_2018_growth_mrxl_rep4_relative_fitness,sprouffske_2018,calibration_dataset_v0,Dryad phenotyping_data/growth-curves.txt,Engineered mutation-rate evolution experiment,MRXL,4,3000,DM1000 original selected environment,relative_fitness,-0.0207922222222,-0.235453333333,0.33492,distribution,"three matched growth-curve batches; lower/upper are observed min/max, not confidence intervals",cell divisions per hour growth-rate difference (r_evo - r_anc),13.2941176471,5.6,32.44,derived_interval_from_95ci,MRXL same-batch ancestor mean r,"For evolved populations, r_anc is the mean of three rep 0 ancestor growth-rate estimates for the same strain measured in the same growth-curve batch; relative fitness follows Sprouffske et al. methods as r_evo - r_anc.",data/raw/sprouffske_2018/phenotyping_data/growth-curves.txt,Curated from Dryad growth-curves.txt. Growth-curve r values were fit with Growthcurver by the original authors; relative fitness is computed as r_evo minus matched same-strain ancestor mean r in the same experimental batch.,"Dryad raw generation=2907; paper describes this final timepoint as approximately 3000 generations. Stored in the existing final-generation calibration slot to align with S3 mutation-rate rows. Exact relative-fitness values by batch: [-0.23545, 0.33492, -0.16184]. Matched controls: batch 11: ancestor_mean_r=1.27830, batch 12: ancestor_mean_r=1.33812, batch 13: ancestor_mean_r=1.17470.",raw_observation_not_fit
sprouffske_2018_growth_mrxl_rep5_relative_fitness,sprouffske_2018,calibration_dataset_v0,Dryad phenotyping_data/growth-curves.txt,Engineered mutation-rate evolution experiment,MRXL,5,3000,DM1000 original selected environment,relative_fitness,1.49684111111,1.48244,1.51629666667,distribution,"three matched growth-curve batches; lower/upper are observed min/max, not confidence intervals",cell divisions per hour growth-rate difference (r_evo - r_anc),5.08823529412,3.04444444444,8.72,derived_interval_from_95ci,MRXL same-batch ancestor mean r,"For evolved populations, r_anc is the mean of three rep 0 ancestor growth-rate estimates for the same strain measured in the same growth-curve batch; relative fitness follows Sprouffske et al. methods as r_evo - r_anc.",data/raw/sprouffske_2018/phenotyping_data/growth-curves.txt,Curated from Dryad growth-curves.txt. Growth-curve r values were fit with Growthcurver by the original authors; relative fitness is computed as r_evo minus matched same-strain ancestor mean r in the same experimental batch.,"Dryad raw generation=2907; paper describes this final timepoint as approximately 3000 generations. Stored in the existing final-generation calibration slot to align with S3 mutation-rate rows. Exact relative-fitness values by batch: [1.49179, 1.48244, 1.51630]. Matched controls: batch 11: ancestor_mean_r=1.27830, batch 12: ancestor_mean_r=1.33812, batch 13: ancestor_mean_r=1.17470.",raw_observation_not_fit
sprouffske_2018_growth_mrxl_rep6_relative_fitness,sprouffske_2018,calibration_dataset_v0,Dryad phenotyping_data/growth-curves.txt,Engineered mutation-rate evolution experiment,MRXL,6,3000,DM1000 original selected environment,relative_fitness,0.00832111111111,-0.464023333333,0.40884,distribution,"three matched growth-curve batches; lower/upper are observed min/max, not confidence intervals",cell divisions per hour growth-rate difference (r_evo - r_anc),12.1764705882,6.4,23.76,derived_interval_from_95ci,MRXL same-batch ancestor mean r,"For evolved populations, r_anc is the mean of three rep 0 ancestor growth-rate estimates for the same strain measured in the same growth-curve batch; relative fitness follows Sprouffske et al. methods as r_evo - r_anc.",data/raw/sprouffske_2018/phenotyping_data/growth-curves.txt,Curated from Dryad growth-curves.txt. Growth-curve r values were fit with Growthcurver by the original authors; relative fitness is computed as r_evo minus matched same-strain ancestor mean r in the same experimental batch.,"Dryad raw generation=2907; paper describes this final timepoint as approximately 3000 generations. Stored in the existing final-generation calibration slot to align with S3 mutation-rate rows. Exact relative-fitness values by batch: [0.08015, 0.40884, -0.46402]. Matched controls: batch 11: ancestor_mean_r=1.27830, batch 12: ancestor_mean_r=1.33812, batch 13: ancestor_mean_r=1.17470.",raw_observation_not_fit
sprouffske_2018_growth_mrxl_rep7_relative_fitness,sprouffske_2018,calibration_dataset_v0,Dryad phenotyping_data/growth-curves.txt,Engineered mutation-rate evolution experiment,MRXL,7,3000,DM1000 original selected environment,relative_fitness,-0.0245255555556,-0.124553333333,0.0830666666667,distribution,"three matched growth-curve batches; lower/upper are observed min/max, not confidence intervals",cell divisions per hour growth-rate difference (r_evo - r_anc),20.3823529412,11.9111111111,35.84,derived_interval_from_95ci,MRXL same-batch ancestor mean r,"For evolved populations, r_anc is the mean of three rep 0 ancestor growth-rate estimates for the same strain measured in the same growth-curve batch; relative fitness follows Sprouffske et al. methods as r_evo - r_anc.",data/raw/sprouffske_2018/phenotyping_data/growth-curves.txt,Curated from Dryad growth-curves.txt. Growth-curve r values were fit with Growthcurver by the original authors; relative fitness is computed as r_evo minus matched same-strain ancestor mean r in the same experimental batch.,"Dryad raw generation=2907; paper describes this final timepoint as approximately 3000 generations. Stored in the existing final-generation calibration slot to align with S3 mutation-rate rows. Exact relative-fitness values by batch: [0.08307, -0.03209, -0.12455]. Matched controls: batch 11: ancestor_mean_r=1.27830, batch 12: ancestor_mean_r=1.33812, batch 13: ancestor_mean_r=1.17470.",raw_observation_not_fit
sprouffske_2018_growth_mrxl_rep8_relative_fitness,sprouffske_2018,calibration_dataset_v0,Dryad phenotyping_data/growth-curves.txt,Engineered mutation-rate evolution experiment,MRXL,8,3000,DM1000 original selected environment,relative_fitness,1.12483111111,0.9645,1.39823666667,distribution,"three matched growth-curve batches; lower/upper are observed min/max, not confidence intervals",cell divisions per hour growth-rate difference (r_evo - r_anc),2.29411764706,1.2,4.44,derived_interval_from_95ci,MRXL same-batch ancestor mean r,"For evolved populations, r_anc is the mean of three rep 0 ancestor growth-rate estimates for the same strain measured in the same growth-curve batch; relative fitness follows Sprouffske et al. methods as r_evo - r_anc.",data/raw/sprouffske_2018/phenotyping_data/growth-curves.txt,Curated from Dryad growth-curves.txt. Growth-curve r values were fit with Growthcurver by the original authors; relative fitness is computed as r_evo minus matched same-strain ancestor mean r in the same experimental batch.,"Dryad raw generation=2907; paper describes this final timepoint as approximately 3000 generations. Stored in the existing final-generation calibration slot to align with S3 mutation-rate rows. Exact relative-fitness values by batch: [1.01176, 0.96450, 1.39824]. Matched controls: batch 11: ancestor_mean_r=1.27830, batch 12: ancestor_mean_r=1.33812, batch 13: ancestor_mean_r=1.17470.",raw_observation_not_fit
